	83bd27e24c3de9df	2013-12-19 18:52:42	520
	83bd27e24c3de9df	2013-12-19 18:52:47	7965
	83bd27e24c3de9df	2013-12-19 18:52:47	317
1002	8550102e445ac626	2013-12-19 21:24:04	1444
1002	8550102e445ac626	2013-12-19 21:24:04	191
1043	8550102e445ac626	2013-12-19 21:45:44	1307
	8550102e445ac626	2013-12-19 21:49:52	330
	8550102e445ac626	2013-12-19 21:49:57	329
	8550102e445ac626	2013-12-19 21:49:57	335
1010	8550102e445ac626	2013-12-20 08:15:43	890
1010	8550102e445ac626	2013-12-20 08:25:17	2900
1021V	8550102e445ac626	2013-12-20 08:36:52	2176
1065A	8550102e445ac626	2013-12-20 08:40:05	2023
1023	8a916e41f14e7347	2013-12-20 08:42:53	567
1023	8a916e41f14e7347	2013-12-20 08:42:53	79
1023	8a916e41f14e7347	2013-12-20 08:49:03	741
1023	8a916e41f14e7347	2013-12-20 08:49:23	221
1023	8a916e41f14e7347	2013-12-20 08:49:23	59
1023	8a916e41f14e7347	2013-12-20 08:49:31	180
1221J	8550102e445ac626	2013-12-20 08:56:44	327
1066A	a4ddad0baf3b86ae	2013-12-20 08:58:07	2786
1066A	a4ddad0baf3b86ae	2013-12-20 08:58:07	70
1066A	a4ddad0baf3b86ae	2013-12-20 08:58:07	73
1066A	a4ddad0baf3b86ae	2013-12-20 08:58:07	239
1066A	a4ddad0baf3b86ae	2013-12-20 08:58:07	87
1009	8a916e41f14e7347	2013-12-20 08:59:34	715
1009	8a916e41f14e7347	2013-12-20 08:59:34	79
1070V	a4ddad0baf3b86ae	2013-12-20 09:05:52	1232
1009	8a916e41f14e7347	2013-12-20 08:59:34	124
1009	8a916e41f14e7347	2013-12-20 08:59:34	75
1009	8a916e41f14e7347	2013-12-20 08:59:34	110
3001N	1e2ee8e037a763ac	2013-12-20 10:04:07	807
3001N	1e2ee8e037a763ac	2013-12-20 10:05:30	204
1009	8a916e41f14e7347	2013-12-20 08:59:34	78
3001R	1e2ee8e037a763ac	2013-12-20 11:33:34	544
3001R	1e2ee8e037a763ac	2013-12-20 11:34:03	430
3001R	1e2ee8e037a763ac	2013-12-20 11:34:03	231
3001R	1e2ee8e037a763ac	2013-12-20 11:36:23	1212
3001R	1e2ee8e037a763ac	2013-12-20 11:37:32	770
3001R	1e2ee8e037a763ac	2013-12-20 11:37:44	678
3001R	1e2ee8e037a763ac	2013-12-20 11:40:24	943
3001R	1e2ee8e037a763ac	2013-12-20 11:41:02	512
3001R	1e2ee8e037a763ac	2013-12-20 11:41:02	545
3001R	1e2ee8e037a763ac	2013-12-20 11:42:36	745
3001R	1e2ee8e037a763ac	2013-12-20 11:44:14	582
3001R	1e2ee8e037a763ac	2013-12-20 11:45:19	518
3001R	1e2ee8e037a763ac	2013-12-20 11:47:20	447
3001R	1e2ee8e037a763ac	2013-12-20 11:48:55	533
3001R	1e2ee8e037a763ac	2013-12-20 11:50:06	468
3001R	1e2ee8e037a763ac	2013-12-20 11:51:41	461
3001R	1e2ee8e037a763ac	2013-12-20 11:53:00	465
3001R	1e2ee8e037a763ac	2013-12-20 11:53:40	485
3001R	1e2ee8e037a763ac	2013-12-20 11:53:53	466
3001R	1e2ee8e037a763ac	2013-12-20 11:53:54	623
3001R	1e2ee8e037a763ac	2013-12-20 11:58:00	293
3001R	1e2ee8e037a763ac	2013-12-20 12:01:19	674
3001R	1e2ee8e037a763ac	2013-12-20 12:01:56	461
3001R	1e2ee8e037a763ac	2013-12-20 12:05:08	554
3001R	1e2ee8e037a763ac	2013-12-20 12:14:01	2412
3001R	1e2ee8e037a763ac	2013-12-20 12:14:05	5848
3001R	1e2ee8e037a763ac	2013-12-20 12:14:05	2876
3001R	1e2ee8e037a763ac	2013-12-20 12:14:05	325
3001R	1e2ee8e037a763ac	2013-12-20 12:14:05	306
3001R	1e2ee8e037a763ac	2013-12-20 12:14:05	310
3001R	1e2ee8e037a763ac	2013-12-20 12:14:05	342
3001R	1e2ee8e037a763ac	2013-12-20 12:14:05	315
3001R	1e2ee8e037a763ac	2013-12-20 12:14:05	319
3001R	1e2ee8e037a763ac	2013-12-20 12:14:05	322
3001R	1e2ee8e037a763ac	2013-12-20 12:14:05	321
3001R	1e2ee8e037a763ac	2013-12-20 12:14:05	302
3001R	1e2ee8e037a763ac	2013-12-20 12:14:05	310
3001R	1e2ee8e037a763ac	2013-12-20 12:14:05	337
3001R	1e2ee8e037a763ac	2013-12-20 12:14:05	308
3001R	1e2ee8e037a763ac	2013-12-20 12:14:05	299
3001R	1e2ee8e037a763ac	2013-12-20 12:14:05	330
3001R	1e2ee8e037a763ac	2013-12-20 12:14:05	317
3001R	1e2ee8e037a763ac	2013-12-20 12:14:05	300
3001R	1e2ee8e037a763ac	2013-12-20 12:14:05	325
3001R	1e2ee8e037a763ac	2013-12-20 12:14:05	542
3001R	1e2ee8e037a763ac	2013-12-20 12:14:05	318
	9ffdf9bcc3debff6	2013-12-20 12:34:42	108
	e8cf51e5e309c386	2013-12-20 12:41:53	105
	e8cf51e5e309c386	2013-12-20 12:41:53	107
	e8cf51e5e309c386	2013-12-20 12:42:18	114
	e8cf51e5e309c386	2013-12-20 12:43:08	102
	e8cf51e5e309c386	2013-12-20 12:43:18	105
	e8cf51e5e309c386	2013-12-20 12:43:18	112
	e8cf51e5e309c386	2013-12-20 12:43:42	104
	1e2ee8e037a763ac	2013-12-20 12:44:16	120
	1e2ee8e037a763ac	2013-12-20 12:44:17	59
	e8cf51e5e309c386	2013-12-20 12:44:32	101
	e8cf51e5e309c386	2013-12-20 12:44:32	114
	e8cf51e5e309c386	2013-12-20 12:44:57	103
	e8cf51e5e309c386	2013-12-20 12:45:27	106
	e8cf51e5e309c386	2013-12-20 12:45:27	52
	e8cf51e5e309c386	2013-12-20 12:45:27	52
	e8cf51e5e309c386	2013-12-20 12:45:41	116
	e8cf51e5e309c386	2013-12-20 12:45:41	111
	e8cf51e5e309c386	2013-12-20 12:45:41	54
	e8cf51e5e309c386	2013-12-20 12:45:41	51
	1e2ee8e037a763ac	2013-12-20 12:53:48	349
4053	a4ddad0baf3b86ae	2013-12-20 12:56:51	866
4053	a4ddad0baf3b86ae	2013-12-20 12:56:51	96
	a4ddad0baf3b86ae	2013-12-20 13:15:45	236
4053	a4ddad0baf3b86ae	2013-12-20 13:22:10	695
1021V	8550102e445ac626	2013-12-20 17:56:10	434
2109T	8550102e445ac626	2013-12-20 18:05:57	3355
2248	f80f94cd0785e215	2013-12-20 19:03:04	1277
2248	f80f94cd0785e215	2013-12-20 19:03:31	79
2248	f80f94cd0785e215	2013-12-20 19:03:31	189
2248	f80f94cd0785e215	2013-12-20 19:04:18	209
2248	f80f94cd0785e215	2013-12-20 19:04:18	209
2248	f80f94cd0785e215	2013-12-20 19:04:43	171
1010	8550102e445ac626	2013-12-20 19:41:36	1876
1043	8550102e445ac626	2013-12-20 19:41:44	497
1043	8550102e445ac626	2013-12-20 19:41:44	456
2103	666f617875e262e8	2013-12-21 09:38:05	921
2103	666f617875e262e8	2013-12-21 09:38:05	99
1045	8a916e41f14e7347	2013-12-21 10:34:53	639
1045	8a916e41f14e7347	2013-12-21 10:34:53	45
1041	8a916e41f14e7347	2013-12-21 10:36:43	568
4453	8a916e41f14e7347	2013-12-21 10:48:26	1165
4452	8a916e41f14e7347	2013-12-21 10:54:01	828
4452	8a916e41f14e7347	2013-12-21 10:54:31	188
4452	8a916e41f14e7347	2013-12-21 10:54:31	99
4452	8a916e41f14e7347	2013-12-21 10:54:31	93
4452	8a916e41f14e7347	2013-12-21 10:54:31	71
3002M	8a916e41f14e7347	2013-12-21 12:00:58	1121
4453	8a916e41f14e7347	2013-12-21 14:17:22	265
4453	8a916e41f14e7347	2013-12-21 14:17:22	4
4453	8a916e41f14e7347	2013-12-21 14:17:22	3
4453	8a916e41f14e7347	2013-12-21 14:17:22	4
4453	8a916e41f14e7347	2013-12-21 14:17:22	4
4453	8a916e41f14e7347	2013-12-21 14:17:22	4
4453	8a916e41f14e7347	2013-12-21 14:17:22	4
4453	8a916e41f14e7347	2013-12-21 14:17:22	4
4053	8a916e41f14e7347	2013-12-21 14:25:19	267
4053	8a916e41f14e7347	2013-12-21 14:26:13	164
4053	8a916e41f14e7347	2013-12-21 14:26:35	130
4053	8a916e41f14e7347	2013-12-21 14:26:53	167
4452	8a916e41f14e7347	2013-12-21 14:48:26	1676
4452	8a916e41f14e7347	2013-12-21 14:48:26	107
4452	8a916e41f14e7347	2013-12-21 14:48:26	104
4452	8a916e41f14e7347	2013-12-21 14:48:26	105
4474	f80f94cd0785e215	2013-12-21 17:03:33	665
4474	f80f94cd0785e215	2013-12-21 17:03:37	67
1003	f80f94cd0785e215	2013-12-21 17:07:13	953
1002	f80f94cd0785e215	2013-12-21 17:08:37	772
1002	f80f94cd0785e215	2013-12-21 17:08:37	699
1002	a1d64461e4742ad7	2013-12-21 20:18:37	1643
1043	8550102e445ac626	2013-12-22 14:29:20	690
1043	8550102e445ac626	2013-12-22 14:29:20	41
1043	8550102e445ac626	2013-12-22 14:43:08	1558
1043	8550102e445ac626	2013-12-22 14:43:08	456
1007A	8550102e445ac626	2013-12-22 15:07:07	346
1007A	8550102e445ac626	2013-12-22 15:07:36	54
1007A	8550102e445ac626	2013-12-22 15:09:26	877
1007A	8550102e445ac626	2013-12-22 15:16:49	1506
1007A	8550102e445ac626	2013-12-22 15:16:54	465
1007A	8550102e445ac626	2013-12-22 15:16:54	505
1007A	8550102e445ac626	2013-12-22 15:16:54	444
1007A	8550102e445ac626	2013-12-22 15:16:54	502
1010	8550102e445ac626	2013-12-22 15:45:36	200
1043	8550102e445ac626	2013-12-22 15:54:06	983
1072	a4ddad0baf3b86ae	2013-12-22 18:51:17	1122
1072	a4ddad0baf3b86ae	2013-12-22 18:51:17	1439
1072	a4ddad0baf3b86ae	2013-12-22 18:51:17	422
1072	a4ddad0baf3b86ae	2013-12-22 18:51:17	407
1071	a4ddad0baf3b86ae	2013-12-22 19:16:57	1476
1043	8550102e445ac626	2013-12-22 15:54:08	484
1043	8550102e445ac626	2013-12-22 15:54:08	394
	83bd27e24c3de9df	2013-12-23 08:02:55	296
	83bd27e24c3de9df	2013-12-23 08:03:14	130
	83bd27e24c3de9df	2013-12-23 08:03:24	131
1010	8550102e445ac626	2013-12-23 08:10:36	702
	83bd27e24c3de9df	2013-12-23 08:13:41	271
	83bd27e24c3de9df	2013-12-23 08:13:41	158
1007B	8550102e445ac626	2013-12-23 08:32:47	2242
	e8cf51e5e309c386	2013-12-23 12:14:40	141
	e8cf51e5e309c386	2013-12-23 12:14:50	46
	e8cf51e5e309c386	2013-12-23 12:15:05	123
	e8cf51e5e309c386	2013-12-23 12:15:05	114
	e8cf51e5e309c386	2013-12-23 12:15:15	55
	e8cf51e5e309c386	2013-12-23 12:15:15	146
	e8cf51e5e309c386	2013-12-23 12:15:30	102
	e8cf51e5e309c386	2013-12-23 12:15:40	55
	e8cf51e5e309c386	2013-12-23 12:15:40	102
	e8cf51e5e309c386	2013-12-23 12:15:55	122
	e8cf51e5e309c386	2013-12-23 12:16:05	53
	e8cf51e5e309c386	2013-12-23 12:16:05	116
	e8cf51e5e309c386	2013-12-23 12:16:30	115
	e8cf51e5e309c386	2013-12-23 12:16:30	43
	e8cf51e5e309c386	2013-12-23 12:16:45	106
	e8cf51e5e309c386	2013-12-23 12:16:45	105
	e8cf51e5e309c386	2013-12-23 12:16:55	40
	e8cf51e5e309c386	2013-12-23 12:16:55	105
	e8cf51e5e309c386	2013-12-23 12:17:10	104
	e8cf51e5e309c386	2013-12-23 12:17:21	54
	e8cf51e5e309c386	2013-12-23 12:21:40	104
	e8cf51e5e309c386	2013-12-23 12:21:40	43
	e8cf51e5e309c386	2013-12-23 12:21:40	107
	e8cf51e5e309c386	2013-12-23 12:22:05	63
	e8cf51e5e309c386	2013-12-23 12:22:05	44
	e8cf51e5e309c386	2013-12-23 12:22:15	117
	e8cf51e5e309c386	2013-12-23 12:22:15	114
	e8cf51e5e309c386	2013-12-23 12:24:38	125
	e8cf51e5e309c386	2013-12-23 12:24:38	119
	e8cf51e5e309c386	2013-12-23 12:24:53	37
	e8cf51e5e309c386	2013-12-23 12:24:53	104
	e8cf51e5e309c386	2013-12-23 12:25:03	109
	e8cf51e5e309c386	2013-12-23 12:25:18	52
	e8cf51e5e309c386	2013-12-23 12:25:18	109
	e8cf51e5e309c386	2013-12-23 12:25:28	107
	e8cf51e5e309c386	2013-12-23 12:25:43	39
	e8cf51e5e309c386	2013-12-23 12:25:43	104
	e8cf51e5e309c386	2013-12-23 12:25:53	111
	e8cf51e5e309c386	2013-12-23 12:26:08	48
	e8cf51e5e309c386	2013-12-23 12:26:08	116
	e8cf51e5e309c386	2013-12-23 12:26:18	113
	e8cf51e5e309c386	2013-12-23 12:26:33	46
	e8cf51e5e309c386	2013-12-23 12:26:33	100
	e8cf51e5e309c386	2013-12-23 12:26:43	115
	e8cf51e5e309c386	2013-12-23 12:26:59	47
	e8cf51e5e309c386	2013-12-23 12:26:59	113
	e8cf51e5e309c386	2013-12-23 12:27:08	103
	e8cf51e5e309c386	2013-12-23 12:27:24	48
	e8cf51e5e309c386	2013-12-23 12:27:24	106
	e8cf51e5e309c386	2013-12-23 12:27:34	112
	e8cf51e5e309c386	2013-12-23 12:27:49	45
	e8cf51e5e309c386	2013-12-23 12:27:59	110
	e8cf51e5e309c386	2013-12-23 12:27:59	114
	e8cf51e5e309c386	2013-12-23 12:28:14	61
	e8cf51e5e309c386	2013-12-23 12:28:19	103
	e8cf51e5e309c386	2013-12-23 12:29:09	118
	e8cf51e5e309c386	2013-12-23 12:29:24	52
	e8cf51e5e309c386	2013-12-23 12:29:24	118
	e8cf51e5e309c386	2013-12-23 12:33:27	114
	e8cf51e5e309c386	2013-12-23 12:34:22	136
	e8cf51e5e309c386	2013-12-23 12:34:27	121
	e8cf51e5e309c386	2013-12-23 12:34:27	27
	e8cf51e5e309c386	2013-12-23 12:34:27	30
	e8cf51e5e309c386	2013-12-23 12:34:27	23
	e8cf51e5e309c386	2013-12-23 12:34:27	23
	e8cf51e5e309c386	2013-12-23 12:34:27	23
	e8cf51e5e309c386	2013-12-23 12:34:27	23
	e8cf51e5e309c386	2013-12-23 12:34:27	23
	e8cf51e5e309c386	2013-12-23 12:34:27	24
	e8cf51e5e309c386	2013-12-23 12:34:27	24
	e8cf51e5e309c386	2013-12-23 12:34:27	24
	e8cf51e5e309c386	2013-12-23 12:34:27	24
	e8cf51e5e309c386	2013-12-23 12:57:38	106
	e8cf51e5e309c386	2013-12-23 12:57:38	106
	e8cf51e5e309c386	2013-12-23 12:58:03	56
1006	8a916e41f14e7347	2013-12-23 13:47:58	682
1006	8a916e41f14e7347	2013-12-23 13:47:58	352
	e8cf51e5e309c386	2013-12-23 14:03:48	103
	e8cf51e5e309c386	2013-12-23 14:03:52	42
	e8cf51e5e309c386	2013-12-23 14:03:52	123
	e8cf51e5e309c386	2013-12-23 14:10:35	117
	e8cf51e5e309c386	2013-12-23 14:10:45	42
	e8cf51e5e309c386	2013-12-23 14:10:45	117
	e8cf51e5e309c386	2013-12-23 14:11:00	117
	e8cf51e5e309c386	2013-12-23 14:11:10	56
	e8cf51e5e309c386	2013-12-23 14:11:25	132
	e8cf51e5e309c386	2013-12-23 14:11:25	109
	e8cf51e5e309c386	2013-12-23 14:11:35	40
	e8cf51e5e309c386	2013-12-23 14:12:14	130
	e8cf51e5e309c386	2013-12-23 14:12:19	47
	e8cf51e5e309c386	2013-12-23 15:06:10	166
	e8cf51e5e309c386	2013-12-23 15:06:35	52
	e8cf51e5e309c386	2013-12-23 15:06:35	129
	e8cf51e5e309c386	2013-12-23 15:07:00	67
	e8cf51e5e309c386	2013-12-23 15:07:00	131
	e8cf51e5e309c386	2013-12-23 15:07:25	74
	e8cf51e5e309c386	2013-12-23 15:07:25	119
	e8cf51e5e309c386	2013-12-23 15:07:50	83
	e8cf51e5e309c386	2013-12-23 15:07:50	113
	e8cf51e5e309c386	2013-12-23 15:08:16	54
	e8cf51e5e309c386	2013-12-23 15:08:16	155
	e8cf51e5e309c386	2013-12-23 15:08:41	74
	e8cf51e5e309c386	2013-12-23 15:08:41	149
	e8cf51e5e309c386	2013-12-23 15:09:06	62
	e8cf51e5e309c386	2013-12-23 15:10:08	148
	e8cf51e5e309c386	2013-12-23 15:10:08	78
	e8cf51e5e309c386	2013-12-23 15:10:08	139
	e8cf51e5e309c386	2013-12-23 15:10:59	124
	e8cf51e5e309c386	2013-12-23 15:11:24	135
	e8cf51e5e309c386	2013-12-23 15:11:24	71
	e8cf51e5e309c386	2013-12-23 15:11:24	113
	e8cf51e5e309c386	2013-12-23 15:12:21	71
	e8cf51e5e309c386	2013-12-23 15:12:21	114
	e8cf51e5e309c386	2013-12-23 15:12:46	72
	e8cf51e5e309c386	2013-12-23 15:12:46	113
	e8cf51e5e309c386	2013-12-23 15:13:11	56
	e8cf51e5e309c386	2013-12-23 15:15:49	122
	e8cf51e5e309c386	2013-12-23 15:16:45	61
1009	8a916e41f14e7347	2013-12-23 15:19:05	234
1009	8a916e41f14e7347	2013-12-23 15:19:12	312
1009	8a916e41f14e7347	2013-12-23 15:19:12	266
1009	8a916e41f14e7347	2013-12-23 15:19:12	69
	e8cf51e5e309c386	2013-12-23 15:20:14	174
	e8cf51e5e309c386	2013-12-23 15:20:39	76
	e8cf51e5e309c386	2013-12-23 15:20:39	114
	e8cf51e5e309c386	2013-12-23 15:21:04	54
	e8cf51e5e309c386	2013-12-23 15:21:20	18
	e8cf51e5e309c386	2013-12-23 15:21:20	19
	e8cf51e5e309c386	2013-12-23 15:21:20	17
	e8cf51e5e309c386	2013-12-23 15:21:20	19
	e8cf51e5e309c386	2013-12-23 15:23:41	134
	e8cf51e5e309c386	2013-12-23 15:23:41	144
	e8cf51e5e309c386	2013-12-23 15:24:06	54
1010	8a916e41f14e7347	2013-12-23 15:58:27	1299
1010	8a916e41f14e7347	2013-12-23 15:58:31	157
1010	8a916e41f14e7347	2013-12-23 15:58:31	94
1063	8a916e41f14e7347	2013-12-23 15:58:31	95
	e8cf51e5e309c386	2013-12-23 16:27:52	123
	e8cf51e5e309c386	2013-12-23 16:31:06	159
	e8cf51e5e309c386	2013-12-23 16:31:13	166
	e8cf51e5e309c386	2013-12-23 16:31:13	172
	e8cf51e5e309c386	2013-12-23 16:31:13	10
1065A	8550102e445ac626	2013-12-23 16:38:36	1819
1065A	8550102e445ac626	2013-12-23 16:38:36	439
2110T	8550102e445ac626	2013-12-23 16:41:23	2178
1004	8550102e445ac626	2013-12-23 16:52:55	352
1004	8550102e445ac626	2013-12-23 16:53:13	115
1063	8a916e41f14e7347	2013-12-23 15:58:31	71
	e8cf51e5e309c386	2013-12-23 17:18:54	209
1072	666f617875e262e8	2013-12-23 18:12:34	665
	e8cf51e5e309c386	2013-12-23 17:18:54	207
1072	666f617875e262e8	2013-12-23 18:22:37	1078
4730	666f617875e262e8	2013-12-23 18:41:52	13202
4730	666f617875e262e8	2013-12-23 18:41:52	7745
4731	666f617875e262e8	2013-12-23 18:42:59	28784
	e8cf51e5e309c386	2013-12-23 17:18:54	197
	e8cf51e5e309c386	2013-12-23 17:18:54	201
	e8cf51e5e309c386	2013-12-23 17:18:54	893
	e8cf51e5e309c386	2013-12-23 17:18:54	1258
	e8cf51e5e309c386	2013-12-23 17:18:54	194
	e8cf51e5e309c386	2013-12-23 17:18:54	202
4730	666f617875e262e8	2013-12-23 19:08:53	131
1063	8a916e41f14e7347	2013-12-23 15:58:31	75
3001N	a4ddad0baf3b86ae	2013-12-23 20:06:01	567
1063	8a916e41f14e7347	2013-12-23 15:58:31	174
1063	8a916e41f14e7347	2013-12-23 15:58:31	81
1063	8a916e41f14e7347	2013-12-23 15:58:31	79
1063	8a916e41f14e7347	2013-12-23 15:58:31	74
1063	8a916e41f14e7347	2013-12-23 15:58:31	63
1063	8a916e41f14e7347	2013-12-23 15:58:31	62
1063	8a916e41f14e7347	2013-12-23 15:58:31	453
4734	a4ddad0baf3b86ae	2013-12-24 16:01:17	3461
4734	a4ddad0baf3b86ae	2013-12-24 16:01:17	313
4734	a4ddad0baf3b86ae	2013-12-24 16:01:17	282
4734	a4ddad0baf3b86ae	2013-12-24 16:01:17	283
4734	a4ddad0baf3b86ae	2013-12-24 16:01:17	286
4734	a4ddad0baf3b86ae	2013-12-24 16:01:17	274
4734	a4ddad0baf3b86ae	2013-12-24 16:01:17	285
4734	a4ddad0baf3b86ae	2013-12-24 16:01:17	260
4087	a4ddad0baf3b86ae	2013-12-25 15:17:28	2165
4087	a4ddad0baf3b86ae	2013-12-25 15:21:23	501
1010	8550102e445ac626	2013-12-27 07:49:18	1009
1009	8550102e445ac626	2013-12-27 08:08:39	656
4731	a4ddad0baf3b86ae	2013-12-27 08:48:01	1238
4731	a4ddad0baf3b86ae	2013-12-27 08:48:01	1586
4731	a4ddad0baf3b86ae	2013-12-27 08:48:37	886
4731	a4ddad0baf3b86ae	2013-12-27 08:48:57	266
4731	a4ddad0baf3b86ae	2013-12-27 08:48:57	256
4731	a4ddad0baf3b86ae	2013-12-27 08:50:13	829
1070T	a4ddad0baf3b86ae	2013-12-27 08:56:28	2172
1070T	a4ddad0baf3b86ae	2013-12-27 08:56:28	215
4734	a4ddad0baf3b86ae	2013-12-27 09:01:02	4501
4734	a4ddad0baf3b86ae	2013-12-27 09:01:02	351
1064	a4ddad0baf3b86ae	2013-12-27 09:25:53	1484
1064	a4ddad0baf3b86ae	2013-12-27 09:25:55	115
1220J	8550102e445ac626	2013-12-27 15:57:57	369
1066A	8550102e445ac626	2013-12-27 16:21:59	2157
1043	8a916e41f14e7347	2013-12-28 11:50:41	825
4452	8a916e41f14e7347	2013-12-28 11:58:57	1312
4452	8a916e41f14e7347	2013-12-28 11:59:31	207
4452	8a916e41f14e7347	2013-12-28 11:59:31	191
4734	a4ddad0baf3b86ae	2013-12-28 12:37:05	1203
4734	a4ddad0baf3b86ae	2013-12-28 12:37:05	195
4734	a4ddad0baf3b86ae	2013-12-28 12:37:06	163
4452	8a916e41f14e7347	2013-12-28 11:59:31	214
4452	8a916e41f14e7347	2013-12-28 11:59:31	167
4452	8a916e41f14e7347	2013-12-28 11:59:31	176
1039	8a916e41f14e7347	2013-12-28 12:39:25	309
1039	8a916e41f14e7347	2013-12-28 12:39:25	57
1039	8a916e41f14e7347	2013-12-28 12:39:25	51
1039	8a916e41f14e7347	2013-12-28 12:39:25	62
4053	8a916e41f14e7347	2013-12-28 12:46:02	314
4053	8a916e41f14e7347	2013-12-28 13:04:05	973
1009	a4ddad0baf3b86ae	2013-12-28 12:57:15	1103
4053	8a916e41f14e7347	2013-12-28 13:17:28	884
4053	8a916e41f14e7347	2013-12-28 13:17:32	96
4053	8a916e41f14e7347	2013-12-28 13:17:32	99
4053	8a916e41f14e7347	2013-12-28 13:17:32	109
4061	8a916e41f14e7347	2013-12-28 13:33:11	280
4061	8a916e41f14e7347	2013-12-28 13:33:15	33
4061	8a916e41f14e7347	2013-12-28 13:33:15	24
4061	8a916e41f14e7347	2013-12-28 13:33:15	13
4061	8a916e41f14e7347	2013-12-28 14:07:10	1757
1010	8550102e445ac626	2013-12-28 14:18:05	733
4453	8550102e445ac626	2013-12-28 14:25:20	1923
4061	8a916e41f14e7347	2013-12-28 14:07:14	1362
4061	8a916e41f14e7347	2013-12-28 14:07:14	969
4061	8a916e41f14e7347	2013-12-28 14:07:14	230
4063N	8a916e41f14e7347	2013-12-28 15:34:43	539
4063N	8a916e41f14e7347	2013-12-28 15:34:44	29
4063N	8a916e41f14e7347	2013-12-28 15:34:44	38
4063N	8a916e41f14e7347	2013-12-28 15:34:44	35
4062	8a916e41f14e7347	2013-12-28 15:40:35	104
4062	8a916e41f14e7347	2013-12-28 15:40:35	37
4062	8a916e41f14e7347	2013-12-28 15:40:56	268
4062	8a916e41f14e7347	2013-12-28 15:40:56	56
4062	8a916e41f14e7347	2013-12-28 15:40:56	104
3001N	8a916e41f14e7347	2013-12-28 15:41:26	173
3001N	8a916e41f14e7347	2013-12-28 15:42:50	265
3001N	8a916e41f14e7347	2013-12-28 15:56:27	472
3001N	8a916e41f14e7347	2013-12-28 15:56:29	44
3001N	8a916e41f14e7347	2013-12-28 15:56:29	23
3001N	8a916e41f14e7347	2013-12-28 15:56:29	23
1007B	8a916e41f14e7347	2013-12-28 16:09:10	485
1007B	8a916e41f14e7347	2013-12-28 16:09:10	59
1023	8a916e41f14e7347	2013-12-28 16:09:15	57
1023	8a916e41f14e7347	2013-12-28 16:09:21	48
1023	8a916e41f14e7347	2013-12-28 16:09:21	123
1007B	8a916e41f14e7347	2013-12-28 16:09:56	147
1007B	8a916e41f14e7347	2013-12-28 16:09:58	54
1023	8a916e41f14e7347	2013-12-28 16:18:33	392
1023	8a916e41f14e7347	2013-12-28 16:18:33	13
1023	8a916e41f14e7347	2013-12-28 16:18:33	12
1023	8a916e41f14e7347	2013-12-28 16:18:33	14
4453	8550102e445ac626	2013-12-28 14:25:25	551
4453	8550102e445ac626	2013-12-28 14:25:25	566
	8550102e445ac626	2013-12-28 18:34:56	261
1023	8a916e41f14e7347	2013-12-28 16:18:33	11
1023	8a916e41f14e7347	2013-12-28 16:18:33	11
1023	8a916e41f14e7347	2013-12-28 16:18:33	11
1010	8550102e445ac626	2013-12-30 08:20:42	470
1023	8a916e41f14e7347	2013-12-30 08:24:52	1210
1023	8a916e41f14e7347	2013-12-30 08:24:54	164
1023	8a916e41f14e7347	2013-12-30 08:24:54	132
1023	8a916e41f14e7347	2013-12-30 08:24:54	161
1004	8550102e445ac626	2013-12-30 08:41:33	1870
1021V	8550102e445ac626	2013-12-30 08:53:35	3617
1021V	8550102e445ac626	2013-12-30 08:57:00	1199
1023	8a916e41f14e7347	2013-12-30 08:24:54	123
1023	8a916e41f14e7347	2013-12-30 08:24:54	103
1023	8a916e41f14e7347	2013-12-30 08:24:54	106
3002M	8a916e41f14e7347	2013-12-30 16:41:11	3236
3002M	8a916e41f14e7347	2013-12-30 16:41:11	2020
1058B	666f617875e262e8	2013-12-30 16:48:12	999
	8a916e41f14e7347	2013-12-30 17:02:10	756
	8a916e41f14e7347	2013-12-30 17:02:10	205
	8a916e41f14e7347	2013-12-30 17:02:10	192
	8a916e41f14e7347	2013-12-30 17:02:10	229
4053	8a916e41f14e7347	2013-12-30 17:30:01	386
4053	8a916e41f14e7347	2013-12-30 17:30:01	45
4053	8a916e41f14e7347	2013-12-30 17:32:09	528
4053	8a916e41f14e7347	2013-12-30 17:33:09	307
4053	8a916e41f14e7347	2013-12-30 17:38:38	704
4053	8a916e41f14e7347	2013-12-30 17:52:28	1184
4053	8a916e41f14e7347	2013-12-30 17:57:26	2782
4053	8a916e41f14e7347	2013-12-30 17:57:39	2049
3001N	8a916e41f14e7347	2013-12-30 18:12:15	216
3001N	8a916e41f14e7347	2013-12-30 18:12:15	57
3001N	8a916e41f14e7347	2013-12-30 18:12:52	289
3001N	8a916e41f14e7347	2013-12-30 18:12:52	11
3001N	8a916e41f14e7347	2013-12-30 18:12:52	24
3001N	8a916e41f14e7347	2013-12-30 18:12:52	19
3001N	8a916e41f14e7347	2013-12-30 18:12:52	24
3001N	8a916e41f14e7347	2013-12-30 18:12:52	25
1076B	8a916e41f14e7347	2013-12-30 18:27:04	820
2102	666f617875e262e8	2013-12-30 20:58:18	425
2102	666f617875e262e8	2013-12-30 20:58:18	103
2102	666f617875e262e8	2013-12-30 20:58:18	93
1077	666f617875e262e8	2013-12-30 21:31:17	1722
1076B	8a916e41f14e7347	2013-12-30 18:27:11	384
1076B	8a916e41f14e7347	2013-12-30 18:27:11	195
1076B	8a916e41f14e7347	2013-12-30 18:27:11	379
1076B	8a916e41f14e7347	2013-12-30 18:27:11	369
3001N	8a916e41f14e7347	2013-12-30 22:23:47	256
3001N	8a916e41f14e7347	2013-12-30 22:24:47	191
3001N	8a916e41f14e7347	2013-12-30 22:24:47	20
3001N	8a916e41f14e7347	2013-12-30 22:24:47	30
3001N	8a916e41f14e7347	2013-12-30 22:24:47	224
3001N	8a916e41f14e7347	2013-12-30 22:24:47	330
3001N	8a916e41f14e7347	2013-12-30 22:28:38	476
3001N	8a916e41f14e7347	2013-12-30 22:29:08	128
3001N	8a916e41f14e7347	2013-12-30 22:29:23	117
3001N	8a916e41f14e7347	2013-12-30 22:29:23	149
3001N	8a916e41f14e7347	2013-12-30 22:30:24	608
3001N	8a916e41f14e7347	2013-12-30 22:35:31	583
3001N	8a916e41f14e7347	2013-12-30 22:35:40	309
3001N	8a916e41f14e7347	2013-12-30 22:35:45	162
3001N	8a916e41f14e7347	2013-12-30 22:35:45	124
3001N	8a916e41f14e7347	2013-12-30 22:35:45	132
3001N	8a916e41f14e7347	2013-12-30 22:40:49	1323
3001N	8a916e41f14e7347	2013-12-30 22:40:51	129
3001N	8a916e41f14e7347	2013-12-30 22:40:51	113
3001N	8a916e41f14e7347	2013-12-30 22:40:51	111
1040	8a916e41f14e7347	2013-12-30 22:50:20	386
1040	8a916e41f14e7347	2013-12-30 22:50:20	43
1040	8a916e41f14e7347	2013-12-30 22:50:45	192
1040	8a916e41f14e7347	2013-12-30 22:50:45	59
1040	8a916e41f14e7347	2013-12-30 22:51:36	140
1010	8550102e445ac626	2013-12-31 07:48:59	772
1066A	8550102e445ac626	2013-12-31 08:19:30	4823
1059	666f617875e262e8	2013-12-31 08:50:25	511
1023	8a916e41f14e7347	2013-12-31 09:03:33	4742
1023	8a916e41f14e7347	2013-12-31 09:03:38	606
1023	8a916e41f14e7347	2013-12-31 09:03:38	612
1023	8a916e41f14e7347	2013-12-31 09:03:38	275
1023	8a916e41f14e7347	2013-12-31 09:03:38	576
1023	8a916e41f14e7347	2013-12-31 09:03:38	563
1023	8a916e41f14e7347	2013-12-31 09:03:38	551
3001Z	666f617875e262e8	2013-12-31 14:45:49	1030
3001N	666f617875e262e8	2013-12-31 14:47:27	303
3001N	666f617875e262e8	2013-12-31 14:47:27	325
1023	8a916e41f14e7347	2013-12-31 09:03:38	426
1023	8a916e41f14e7347	2013-12-31 09:03:38	611
1023	8a916e41f14e7347	2013-12-31 09:03:38	352
1023	8a916e41f14e7347	2013-12-31 09:03:38	325
1023	8a916e41f14e7347	2013-12-31 09:03:38	780
1023	8a916e41f14e7347	2013-12-31 09:03:38	875
1069	8a916e41f14e7347	2013-12-31 15:54:55	597
1069	8a916e41f14e7347	2013-12-31 15:54:55	238
1058	8a916e41f14e7347	2013-12-31 15:59:39	2136
1023	8a916e41f14e7347	2013-12-31 16:04:42	2073
1023	8a916e41f14e7347	2013-12-31 16:04:42	502
1023	8a916e41f14e7347	2013-12-31 16:04:42	437
1023	8a916e41f14e7347	2014-01-02 08:55:14	523
1023	8a916e41f14e7347	2014-01-02 08:56:14	988
1023	8a916e41f14e7347	2014-01-02 08:58:49	1117
1023	8a916e41f14e7347	2014-01-02 09:04:45	1927
1023	8a916e41f14e7347	2014-01-02 09:04:46	164
1023	8a916e41f14e7347	2014-01-02 09:04:46	301
1023	8a916e41f14e7347	2014-01-02 09:04:46	123
	83bd27e24c3de9df	2014-01-02 14:41:50	591
	83bd27e24c3de9df	2014-01-02 14:42:50	158
	83bd27e24c3de9df	2014-01-02 14:43:15	419
	83bd27e24c3de9df	2014-01-02 14:43:40	171
	83bd27e24c3de9df	2014-01-02 14:44:05	331
	83bd27e24c3de9df	2014-01-02 14:44:29	407
	83bd27e24c3de9df	2014-01-02 14:44:55	421
	83bd27e24c3de9df	2014-01-02 14:45:44	542
	83bd27e24c3de9df	2014-01-02 14:45:44	621
	83bd27e24c3de9df	2014-01-02 14:46:10	4759
	83bd27e24c3de9df	2014-01-02 14:46:34	3959
3001H	83bd27e24c3de9df	2014-01-02 14:47:00	5631
3001H	83bd27e24c3de9df	2014-01-02 14:47:26	1062
3001H	83bd27e24c3de9df	2014-01-02 14:47:49	724
3001H	83bd27e24c3de9df	2014-01-02 14:48:15	1166
3001H	83bd27e24c3de9df	2014-01-02 14:48:41	1424
3001H	83bd27e24c3de9df	2014-01-02 14:49:00	3861
3001H	83bd27e24c3de9df	2014-01-02 14:49:55	723
3001H	83bd27e24c3de9df	2014-01-02 14:49:55	3912
3001H	83bd27e24c3de9df	2014-01-02 14:50:19	679
1010	8550102e445ac626	2014-01-02 14:51:53	1625
1063	8550102e445ac626	2014-01-02 15:00:51	3958
1009	83bd27e24c3de9df	2014-01-02 15:20:17	1988
1009	83bd27e24c3de9df	2014-01-02 15:20:17	562
3001N	8a916e41f14e7347	2014-01-02 23:04:30	318
3001N	8a916e41f14e7347	2014-01-02 23:04:30	17
3001N	8a916e41f14e7347	2014-01-02 23:04:30	14
1009	8a916e41f14e7347	2014-01-02 23:27:26	467
1009	8a916e41f14e7347	2014-01-02 23:27:26	1313
1009	8a916e41f14e7347	2014-01-02 23:27:56	207
1009	8a916e41f14e7347	2014-01-02 23:27:56	72
1009	8a916e41f14e7347	2014-01-02 23:27:56	115
1007B	8a916e41f14e7347	2014-01-02 23:28:26	171
1007B	8a916e41f14e7347	2014-01-02 23:28:47	201
1007B	8a916e41f14e7347	2014-01-02 23:28:47	587
1007B	8a916e41f14e7347	2014-01-02 23:37:02	684
1007B	8a916e41f14e7347	2014-01-02 23:37:02	133
1007B	8a916e41f14e7347	2014-01-02 23:37:02	442
1010	8550102e445ac626	2014-01-03 08:04:33	2635
1007B	8a916e41f14e7347	2014-01-02 23:37:02	43
1010	8550102e445ac626	2014-01-03 08:23:05	1461
1007B	8a916e41f14e7347	2014-01-02 23:37:02	133
1007B	8a916e41f14e7347	2014-01-02 23:37:02	151
1007B	8a916e41f14e7347	2014-01-02 23:37:02	77
1023	8a916e41f14e7347	2014-01-03 08:54:13	121
1023	8a916e41f14e7347	2014-01-03 08:54:13	50
1023	8a916e41f14e7347	2014-01-03 08:55:10	136
1023	8a916e41f14e7347	2014-01-03 08:56:58	191
1059	8a916e41f14e7347	2014-01-03 09:07:56	809
	e8cf51e5e309c386	2014-01-03 11:32:10	159
	e8cf51e5e309c386	2014-01-03 11:32:12	166
	e8cf51e5e309c386	2014-01-03 11:32:12	161
	e8cf51e5e309c386	2014-01-03 11:32:12	166
	e8cf51e5e309c386	2014-01-03 11:32:12	106
	e8cf51e5e309c386	2014-01-03 11:32:12	104
	e8cf51e5e309c386	2014-01-03 11:32:12	118
	e8cf51e5e309c386	2014-01-03 11:32:12	71
	e8cf51e5e309c386	2014-01-03 11:32:12	68
	e8cf51e5e309c386	2014-01-03 11:32:12	73
	e8cf51e5e309c386	2014-01-03 11:32:12	80
	e8cf51e5e309c386	2014-01-03 11:32:12	67
	e8cf51e5e309c386	2014-01-03 11:32:12	160
	e8cf51e5e309c386	2014-01-03 11:32:12	101
	e8cf51e5e309c386	2014-01-03 11:32:12	160
	e8cf51e5e309c386	2014-01-03 11:32:12	160
	e8cf51e5e309c386	2014-01-03 11:32:12	159
	e8cf51e5e309c386	2014-01-03 11:32:12	123
	e8cf51e5e309c386	2014-01-03 11:32:12	205
	e8cf51e5e309c386	2014-01-03 11:32:12	158
	e8cf51e5e309c386	2014-01-03 11:32:12	165
	e8cf51e5e309c386	2014-01-03 11:32:12	159
	e8cf51e5e309c386	2014-01-03 11:32:12	159
	e8cf51e5e309c386	2014-01-03 11:32:12	157
	e8cf51e5e309c386	2014-01-03 11:32:12	186
	e8cf51e5e309c386	2014-01-03 11:32:12	157
	e8cf51e5e309c386	2014-01-03 11:32:12	122
	e8cf51e5e309c386	2014-01-03 11:32:12	160
	e8cf51e5e309c386	2014-01-03 11:32:12	158
	e8cf51e5e309c386	2014-01-03 11:32:12	168
	e8cf51e5e309c386	2014-01-03 16:41:45	110
	e8cf51e5e309c386	2014-01-03 16:41:54	117
1021V	8550102e445ac626	2014-01-03 17:17:19	454
1021V	8550102e445ac626	2014-01-03 17:23:54	2801
1021V	8550102e445ac626	2014-01-03 17:23:54	933
1021V	8550102e445ac626	2014-01-03 17:23:54	1035
1021V	8550102e445ac626	2014-01-03 17:23:54	1206
1021V	8550102e445ac626	2014-01-03 17:23:54	970
1007B	8550102e445ac626	2014-01-03 17:30:21	702
1007B	8550102e445ac626	2014-01-03 17:30:28	144
1067	a1d64461e4742ad7	2014-01-04 08:02:34	797
1067	a1d64461e4742ad7	2014-01-04 08:04:01	330
1009	a1d64461e4742ad7	2014-01-04 08:09:02	1414
1003	a1d64461e4742ad7	2014-01-04 08:10:35	617
1070T	a1d64461e4742ad7	2014-01-04 08:16:02	1446
1070T	a1d64461e4742ad7	2014-01-04 08:16:02	248
1070T	a1d64461e4742ad7	2014-01-04 08:16:02	114
1008	a1d64461e4742ad7	2014-01-07 06:46:46	510
1008	a1d64461e4742ad7	2014-01-07 06:49:47	1484
1070T	a1d64461e4742ad7	2014-01-07 06:51:32	446
1070T	a1d64461e4742ad7	2014-01-07 06:51:32	130
1070T	a1d64461e4742ad7	2014-01-07 06:51:32	147
1070T	a1d64461e4742ad7	2014-01-07 06:51:32	184
1008	a1d64461e4742ad7	2014-01-07 06:54:09	402
1070V	a1d64461e4742ad7	2014-01-07 07:01:35	5847
1070V	a1d64461e4742ad7	2014-01-07 07:01:38	268
1070V	a1d64461e4742ad7	2014-01-07 07:01:38	296
1066A	a1d64461e4742ad7	2014-01-07 07:02:03	722
1043	8550102e445ac626	2014-01-07 08:24:32	4022
1059	8a916e41f14e7347	2014-01-03 09:08:00	93
	e8cf51e5e309c386	2014-01-07 12:29:57	104
	e8cf51e5e309c386	2014-01-07 12:30:06	112
	e8cf51e5e309c386	2014-01-07 12:30:17	117
	e8cf51e5e309c386	2014-01-07 12:30:24	106
	e8cf51e5e309c386	2014-01-07 12:30:26	65
2248A	1e2ee8e037a763ac	2014-01-07 12:35:03	760
	e8cf51e5e309c386	2014-01-07 12:35:41	168
	e8cf51e5e309c386	2014-01-07 12:35:48	167
	e8cf51e5e309c386	2014-01-07 12:35:57	113
	e8cf51e5e309c386	2014-01-07 12:36:17	177
	e8cf51e5e309c386	2014-01-07 12:36:17	121
	e8cf51e5e309c386	2014-01-07 12:36:43	132
	e8cf51e5e309c386	2014-01-07 12:37:08	169
	e8cf51e5e309c386	2014-01-07 12:37:33	145
	e8cf51e5e309c386	2014-01-07 12:38:24	131
2248A	1e2ee8e037a763ac	2014-01-07 12:35:06	221
2248A	1e2ee8e037a763ac	2014-01-07 12:35:06	144
	e8cf51e5e309c386	2014-01-07 12:38:34	60
	e8cf51e5e309c386	2014-01-07 12:38:34	63
	e8cf51e5e309c386	2014-01-07 12:38:34	66
	e8cf51e5e309c386	2014-01-07 12:38:34	62
	e8cf51e5e309c386	2014-01-07 12:38:34	68
	e8cf51e5e309c386	2014-01-07 13:58:22	45
3001R	1e2ee8e037a763ac	2014-01-07 15:30:19	672
3001R	1e2ee8e037a763ac	2014-01-07 15:30:26	112
3001R	1e2ee8e037a763ac	2014-01-07 15:30:26	59
3001R	1e2ee8e037a763ac	2014-01-07 15:30:26	179
3001R	1e2ee8e037a763ac	2014-01-07 15:32:55	2115
3001R	1e2ee8e037a763ac	2014-01-07 15:34:07	1666
3001R	1e2ee8e037a763ac	2014-01-07 15:34:12	800
3001R	1e2ee8e037a763ac	2014-01-07 15:34:28	923
3001R	1e2ee8e037a763ac	2014-01-07 15:34:33	897
3001R	1e2ee8e037a763ac	2014-01-07 15:34:44	911
3001R	1e2ee8e037a763ac	2014-01-07 15:34:44	1026
3001H	1e2ee8e037a763ac	2014-01-07 15:48:18	1108
3001H	1e2ee8e037a763ac	2014-01-07 15:48:25	852
3001H	1e2ee8e037a763ac	2014-01-07 15:48:25	824
	1e2ee8e037a763ac	2014-01-07 15:53:19	1136
	1e2ee8e037a763ac	2014-01-07 15:53:23	881
	1e2ee8e037a763ac	2014-01-07 15:53:23	881
	1e2ee8e037a763ac	2014-01-07 15:53:48	494
	1e2ee8e037a763ac	2014-01-07 15:54:12	786
	1e2ee8e037a763ac	2014-01-07 15:54:38	890
3001H	1e2ee8e037a763ac	2014-01-07 16:15:46	491
3001H	1e2ee8e037a763ac	2014-01-07 16:15:46	499
3001H	1e2ee8e037a763ac	2014-01-07 16:15:46	477
3001H	1e2ee8e037a763ac	2014-01-07 16:15:46	469
3001H	1e2ee8e037a763ac	2014-01-07 16:15:46	593
3001H	1e2ee8e037a763ac	2014-01-07 16:15:46	492
3001H	1e2ee8e037a763ac	2014-01-07 16:15:46	720
3001H	1e2ee8e037a763ac	2014-01-07 16:15:46	421
3001H	1e2ee8e037a763ac	2014-01-07 16:15:46	456
3001H	1e2ee8e037a763ac	2014-01-07 16:15:46	568
3001H	1e2ee8e037a763ac	2014-01-07 16:15:46	539
3001H	1e2ee8e037a763ac	2014-01-07 16:15:46	440
3001H	1e2ee8e037a763ac	2014-01-07 16:15:46	330
3001H	1e2ee8e037a763ac	2014-01-07 16:15:46	446
3001H	1e2ee8e037a763ac	2014-01-07 16:15:46	466
3001H	1e2ee8e037a763ac	2014-01-07 16:15:46	448
3001H	1e2ee8e037a763ac	2014-01-07 16:15:46	466
3001H	1e2ee8e037a763ac	2014-01-07 16:15:46	445
1021V	8550102e445ac626	2014-01-07 17:24:59	3537
1021V	8550102e445ac626	2014-01-07 17:25:01	1331
1021V	8550102e445ac626	2014-01-07 17:25:01	1018
1021V	8550102e445ac626	2014-01-07 17:25:01	1697
1077	e485e55b8a874fb7	2014-01-07 18:07:02	2243
	8550102e445ac626	2014-01-07 18:10:45	893
9738	e485e55b8a874fb7	2014-01-07 18:23:22	2500
9738	e485e55b8a874fb7	2014-01-07 18:24:12	3830
9738	e485e55b8a874fb7	2014-01-07 18:24:22	462
9738	e485e55b8a874fb7	2014-01-07 18:26:00	4319
9738	e485e55b8a874fb7	2014-01-07 18:26:13	3530
9738	e485e55b8a874fb7	2014-01-07 18:37:47	898
1074	8a916e41f14e7347	2014-01-07 18:44:21	170
1074	8a916e41f14e7347	2014-01-07 18:44:21	74
1074	8a916e41f14e7347	2014-01-07 18:44:49	129
1074	8a916e41f14e7347	2014-01-07 18:44:49	84
1076A	8a916e41f14e7347	2014-01-07 18:45:14	665
1076A	8a916e41f14e7347	2014-01-07 18:45:14	524
1076A	8a916e41f14e7347	2014-01-07 18:45:38	2988
1076A	8a916e41f14e7347	2014-01-07 18:45:38	1813
1076A	8a916e41f14e7347	2014-01-07 18:46:03	2862
1076A	8a916e41f14e7347	2014-01-07 18:46:03	131
1076A	8a916e41f14e7347	2014-01-07 18:46:03	6289
1076A	8a916e41f14e7347	2014-01-07 18:46:03	3294
1076A	8a916e41f14e7347	2014-01-07 18:50:46	4138
1076A	8a916e41f14e7347	2014-01-07 18:50:46	162
1076A	8a916e41f14e7347	2014-01-07 18:50:46	1671
9738	e485e55b8a874fb7	2014-01-07 18:40:44	5537
9738	e485e55b8a874fb7	2014-01-07 18:40:44	3854
1076A	8a916e41f14e7347	2014-01-07 18:50:46	144
1076A	8a916e41f14e7347	2014-01-07 18:50:46	162
1076A	8a916e41f14e7347	2014-01-07 18:50:46	226
1076A	8a916e41f14e7347	2014-01-07 18:50:46	1392
3001H	8a916e41f14e7347	2014-01-07 18:59:34	27648
3001H	8a916e41f14e7347	2014-01-07 19:01:48	920
3001H	8a916e41f14e7347	2014-01-07 19:01:48	476
3001H	8a916e41f14e7347	2014-01-07 19:01:48	476
3001H	8a916e41f14e7347	2014-01-07 19:01:54	126
3001H	8a916e41f14e7347	2014-01-07 19:01:54	58
3001H	8a916e41f14e7347	2014-01-07 19:01:54	78
3001H	8a916e41f14e7347	2014-01-07 19:01:54	57
3001N	8a916e41f14e7347	2014-01-07 19:08:21	303
3001N	8a916e41f14e7347	2014-01-07 19:08:21	43
1072	a1d64461e4742ad7	2014-01-07 21:22:36	704
9633	a1d64461e4742ad7	2014-01-07 21:36:32	328
9633	a1d64461e4742ad7	2014-01-07 21:36:32	9
1065A	7c5d8e0b5d992eac	2014-01-08 07:40:16	1026
1065A	7c5d8e0b5d992eac	2014-01-08 07:40:16	192
1010	8550102e445ac626	2014-01-08 07:59:11	3584
4451	8550102e445ac626	2014-01-08 08:21:24	1472
4451	8550102e445ac626	2014-01-08 08:21:42	777
4451	8550102e445ac626	2014-01-08 08:21:42	663
4451	8550102e445ac626	2014-01-08 08:21:42	630
	e485e55b8a874fb7	2014-01-08 08:32:21	137
	e485e55b8a874fb7	2014-01-08 08:32:37	140
3002M	8a916e41f14e7347	2014-01-08 08:44:02	491
3002M	8a916e41f14e7347	2014-01-08 08:44:18	313
3002M	8a916e41f14e7347	2014-01-08 08:45:35	175
2160	666f617875e262e8	2014-01-08 08:50:47	1250
3002M	8a916e41f14e7347	2014-01-08 08:45:35	49
3002A	8a916e41f14e7347	2014-01-08 09:02:45	924
3002A	8a916e41f14e7347	2014-01-08 09:02:45	61
	e485e55b8a874fb7	2014-01-08 09:34:10	854
	1e2ee8e037a763ac	2014-01-08 10:59:13	154
	1e2ee8e037a763ac	2014-01-08 11:02:29	150
	1e2ee8e037a763ac	2014-01-08 11:02:36	158
3001H	1e2ee8e037a763ac	2014-01-08 11:23:43	359
3001H	1e2ee8e037a763ac	2014-01-08 11:23:43	401
3001H	1e2ee8e037a763ac	2014-01-08 11:23:43	393
3001H	1e2ee8e037a763ac	2014-01-08 11:23:43	385
3001H	1e2ee8e037a763ac	2014-01-08 11:33:30	550
3001H	1e2ee8e037a763ac	2014-01-08 11:33:30	1352
3001H	1e2ee8e037a763ac	2014-01-08 11:33:30	407
3001H	1e2ee8e037a763ac	2014-01-08 11:33:30	225
3001H	1e2ee8e037a763ac	2014-01-08 11:33:30	245
3001H	1e2ee8e037a763ac	2014-01-08 11:33:30	251
3001H	1e2ee8e037a763ac	2014-01-08 11:33:30	239
3001H	1e2ee8e037a763ac	2014-01-08 11:33:30	261
3001H	1e2ee8e037a763ac	2014-01-08 11:33:30	5507
3001H	1e2ee8e037a763ac	2014-01-08 12:16:01	1187
3001H	1e2ee8e037a763ac	2014-01-08 12:16:08	293
3001H	1e2ee8e037a763ac	2014-01-08 12:16:08	435
	34	2014-01-08 13:09:26	110
	34	2014-01-08 13:09:26	114
	34	2014-01-08 13:09:48	101
	34	2014-01-08 13:10:15	132
	34	2014-01-08 13:11:05	181
	34	2014-01-08 13:11:05	120
	34	2014-01-08 13:11:31	104
	34	2014-01-08 13:11:56	122
	34	2014-01-08 13:12:21	124
	34	2014-01-08 13:12:46	121
	34	2014-01-08 13:13:36	167
	34	2014-01-08 13:13:36	143
	34	2014-01-08 13:14:01	113
	34	2014-01-08 13:14:26	128
	34	2014-01-08 13:15:12	104
	34	2014-01-08 13:15:12	165
	34	2014-01-08 13:15:37	166
	34	2014-01-08 13:16:02	113
	34	2014-01-08 13:16:27	120
	34	2014-01-08 13:16:52	127
	9ffdf9bcc3debff6	2014-01-08 13:24:51	106
	9ffdf9bcc3debff6	2014-01-08 13:24:51	111
	9ffdf9bcc3debff6	2014-01-08 13:24:51	45
	9ffdf9bcc3debff6	2014-01-08 13:24:51	102
		2014-01-08 13:29:57	137
		2014-01-08 13:29:57	103
		2014-01-08 13:30:37	116
		2014-01-08 13:30:42	133
		2014-01-08 13:30:52	113
		2014-01-08 13:34:45	168
3002A	8a916e41f14e7347	2014-01-08 09:02:45	46
3002A	8a916e41f14e7347	2014-01-08 09:02:45	136
	34	2014-01-08 13:36:20	107
	34	2014-01-08 13:41:09	140
	34	2014-01-08 13:41:09	107
	34	2014-01-08 13:41:35	121
	34	2014-01-08 13:42:00	125
	34	2014-01-08 13:42:25	133
	34	2014-01-08 13:42:52	113
	34	2014-01-08 13:43:17	126
	34	2014-01-08 13:43:42	117
	34	2014-01-08 13:44:07	108
	34	2014-01-08 13:44:32	101
	34	2014-01-08 13:45:23	154
	34	2014-01-08 13:45:23	152
	34	2014-01-08 13:45:48	166
	34	2014-01-08 13:46:13	167
	34	2014-01-08 13:46:38	164
	34	2014-01-08 13:47:03	166
	34	2014-01-08 13:47:28	175
	34	2014-01-08 13:47:50	168
	34	2014-01-08 13:48:15	114
	34	2014-01-08 13:48:40	119
	34	2014-01-08 13:49:00	118
	34	2014-01-08 13:49:05	244
	34	2014-01-08 13:49:50	110
	34	2014-01-08 13:50:04	103
	34	2014-01-08 13:50:15	104
	34	2014-01-08 13:50:15	114
	34	2014-01-08 13:50:15	7
	34	2014-01-08 14:08:21	116
	34	2014-01-08 14:08:21	57
	34	2014-01-08 14:08:21	47
	34	2014-01-08 14:08:44	113
3001H	1e2ee8e037a763ac	2014-01-08 12:16:28	268
3001H	1e2ee8e037a763ac	2014-01-08 12:16:28	509
3001H	1e2ee8e037a763ac	2014-01-08 12:16:28	544
3001H	1e2ee8e037a763ac	2014-01-08 12:16:28	812
3001H	1e2ee8e037a763ac	2014-01-08 12:16:28	1660
3001H	1e2ee8e037a763ac	2014-01-08 12:16:28	948
3001H	1e2ee8e037a763ac	2014-01-08 12:16:28	426
3001H	1e2ee8e037a763ac	2014-01-08 12:16:28	417
3001H	1e2ee8e037a763ac	2014-01-08 12:16:28	320
3001H	1e2ee8e037a763ac	2014-01-08 12:16:28	422
3001H	1e2ee8e037a763ac	2014-01-08 12:16:28	419
3001H	1e2ee8e037a763ac	2014-01-08 12:16:28	247
3001H	1e2ee8e037a763ac	2014-01-08 12:16:28	259
3001H	1e2ee8e037a763ac	2014-01-08 12:16:28	505
3001H	1e2ee8e037a763ac	2014-01-08 12:16:28	3416
3001H	1e2ee8e037a763ac	2014-01-08 12:16:28	415
3001H	1e2ee8e037a763ac	2014-01-08 12:16:28	503
3001H	1e2ee8e037a763ac	2014-01-08 12:16:28	248
3001H	1e2ee8e037a763ac	2014-01-08 12:16:28	475
3001H	1e2ee8e037a763ac	2014-01-08 12:16:28	448
3001H	1e2ee8e037a763ac	2014-01-08 12:16:28	2048
3001H	1e2ee8e037a763ac	2014-01-08 12:16:28	2135
3001H	1e2ee8e037a763ac	2014-01-08 12:16:28	490
	1e2ee8e037a763ac	2014-01-08 15:26:51	596
	1e2ee8e037a763ac	2014-01-08 15:27:24	584
	1e2ee8e037a763ac	2014-01-08 15:27:24	505
	1e2ee8e037a763ac	2014-01-08 15:27:24	296
	34	2014-01-08 15:41:23	114
	34	2014-01-08 15:41:23	40
	34	2014-01-08 15:41:23	28
	34	2014-01-08 15:42:52	119
	34	2014-01-08 15:42:52	112
	34	2014-01-08 15:43:25	55
	34	2014-01-08 15:43:25	123
	34	2014-01-08 15:43:50	44
	9ffdf9bcc3debff6	2014-01-08 13:24:51	9
	34	2014-01-08 16:14:12	111
	34	2014-01-08 16:14:27	51
	34	2014-01-08 16:14:27	122
	34	2014-01-08 16:14:37	117
	34	2014-01-08 16:14:52	76
	34	2014-01-08 16:14:52	116
	34	2014-01-08 16:15:02	128
	34	2014-01-08 16:15:17	51
	9ffdf9bcc3debff6	2014-01-08 13:24:51	10
	9ffdf9bcc3debff6	2014-01-08 13:24:51	10
	9ffdf9bcc3debff6	2014-01-08 13:24:51	4
	9ffdf9bcc3debff6	2014-01-08 13:24:51	4
	9ffdf9bcc3debff6	2014-01-08 13:24:51	6
	9ffdf9bcc3debff6	2014-01-08 16:29:14	259633
	9ffdf9bcc3debff6	2014-01-08 16:32:21	869
	9ffdf9bcc3debff6	2014-01-08 16:32:21	554
	9ffdf9bcc3debff6	2014-01-08 16:32:21	685
	9ffdf9bcc3debff6	2014-01-08 16:32:21	688
	9ffdf9bcc3debff6	2014-01-08 16:32:21	754
	9ffdf9bcc3debff6	2014-01-08 16:32:21	1488
	9ffdf9bcc3debff6	2014-01-08 16:32:21	445
	9ffdf9bcc3debff6	2014-01-08 16:32:21	848
	9ffdf9bcc3debff6	2014-01-08 16:32:21	620
	9ffdf9bcc3debff6	2014-01-08 16:32:21	516
	9ffdf9bcc3debff6	2014-01-08 16:32:21	730
	9ffdf9bcc3debff6	2014-01-08 16:32:21	769
	9ffdf9bcc3debff6	2014-01-08 16:32:21	850
	9ffdf9bcc3debff6	2014-01-08 16:32:21	758
1064	8a916e41f14e7347	2014-01-08 16:55:26	262058
	34	2014-01-08 16:58:10	32
	34	2014-01-08 16:58:10	25
1059	ebb99441c4aa2ea5	2014-01-08 17:23:44	154516
1059	ebb99441c4aa2ea5	2014-01-08 17:23:57	230
1064	8a916e41f14e7347	2014-01-08 16:55:26	49
1064	8a916e41f14e7347	2014-01-08 16:57:02	982
1009	8a916e41f14e7347	2014-01-08 17:31:39	131
1021V	e485e55b8a874fb7	2014-01-08 17:31:39	149
1021V	e485e55b8a874fb7	2014-01-08 17:31:41	61
1021V	e485e55b8a874fb7	2014-01-08 17:32:59	315
1009	8a916e41f14e7347	2014-01-08 17:31:39	49
1022	8a916e41f14e7347	2014-01-08 17:37:23	1166
1021V	e485e55b8a874fb7	2014-01-08 17:46:33	1398
2213	e485e55b8a874fb7	2014-01-08 17:50:08	1591
1007A	8a916e41f14e7347	2014-01-08 17:48:02	837
1007A	8a916e41f14e7347	2014-01-08 17:48:02	124
1007A	8a916e41f14e7347	2014-01-08 17:48:02	73
1007A	8a916e41f14e7347	2014-01-08 17:48:02	215
1007A	8a916e41f14e7347	2014-01-08 17:48:02	93
1009	ebb99441c4aa2ea5	2014-01-08 17:58:01	686
1009	ebb99441c4aa2ea5	2014-01-08 17:58:01	283
1007A	8a916e41f14e7347	2014-01-08 17:48:02	149
2506	e485e55b8a874fb7	2014-01-08 18:07:48	870
1007A	8a916e41f14e7347	2014-01-08 17:48:02	116
1075	e485e55b8a874fb7	2014-01-08 18:08:35	434
1007A	8a916e41f14e7347	2014-01-08 17:48:02	185
1007A	8a916e41f14e7347	2014-01-08 17:48:02	78
1007A	8a916e41f14e7347	2014-01-08 17:48:02	177
1007A	8a916e41f14e7347	2014-01-08 17:48:02	79
1009	ebb99441c4aa2ea5	2014-01-08 17:58:01	292
1009	ebb99441c4aa2ea5	2014-01-08 17:58:01	152
1075	e485e55b8a874fb7	2014-01-08 18:08:35	209
9738	e485e55b8a874fb7	2014-01-08 18:35:11	951
9738	e485e55b8a874fb7	2014-01-08 18:37:52	6121
9738	e485e55b8a874fb7	2014-01-08 18:37:52	5067
9738	e485e55b8a874fb7	2014-01-08 18:37:52	4481
9738	e485e55b8a874fb7	2014-01-08 18:37:52	6397
9738	e485e55b8a874fb7	2014-01-08 18:37:52	562
2102	666f617875e262e8	2014-01-08 19:30:11	608
1300V	666f617875e262e8	2014-01-08 19:55:30	561
1070V	666f617875e262e8	2014-01-08 20:17:13	1317
1007A	8a916e41f14e7347	2014-01-08 17:48:02	112
	8a916e41f14e7347	2014-01-08 21:18:57	452
3001N	8a916e41f14e7347	2014-01-08 21:36:56	230
3001N	8a916e41f14e7347	2014-01-08 21:36:56	73
3001N	8a916e41f14e7347	2014-01-08 21:41:43	344
3001N	8a916e41f14e7347	2014-01-08 21:41:51	60
3001N	8a916e41f14e7347	2014-01-08 21:41:51	53
3001N	8a916e41f14e7347	2014-01-08 21:41:51	62
3001N	8a916e41f14e7347	2014-01-08 21:48:48	442
4055	8a916e41f14e7347	2014-01-08 21:54:23	1054
4055	8a916e41f14e7347	2014-01-08 21:57:13	2160
4051	8a916e41f14e7347	2014-01-08 22:09:57	730
4051	8a916e41f14e7347	2014-01-08 22:10:22	326
4055	8a916e41f14e7347	2014-01-08 22:20:15	484
1070V	666f617875e262e8	2014-01-08 20:17:13	132
2503	a1d64461e4742ad7	2014-01-09 06:45:34	475
2503	a1d64461e4742ad7	2014-01-09 06:45:37	229
2503	a1d64461e4742ad7	2014-01-09 06:45:51	237
2503	a1d64461e4742ad7	2014-01-09 06:45:51	78
1040	8550102e445ac626	2014-01-09 07:50:34	3232
3002M	8a916e41f14e7347	2014-01-09 08:14:21	460
3002M	8a916e41f14e7347	2014-01-09 08:14:21	54
3002M	8a916e41f14e7347	2014-01-09 08:14:21	35
3002	8a916e41f14e7347	2014-01-09 08:29:52	347
1007B	a4ddad0baf3b86ae	2014-01-09 09:45:58	460
1007B	a4ddad0baf3b86ae	2014-01-09 09:45:58	1480
1007B	a4ddad0baf3b86ae	2014-01-09 09:45:58	284
	34	2014-01-09 11:56:08	110
	34	2014-01-09 11:56:13	48
	34	2014-01-09 12:33:02	115
	34	2014-01-09 12:33:02	42
	34	2014-01-09 12:33:02	49
	34	2014-01-09 13:04:40	161
	34	2014-01-09 13:10:19	112
	34	2014-01-09 15:05:44	127
	34	2014-01-09 15:51:46	128
	34	2014-01-09 16:17:37	113
	34	2014-01-09 16:17:37	113
	34	2014-01-09 16:18:06	118
	34	2014-01-09 16:18:06	104
	34	2014-01-09 16:19:06	51
	34	2014-01-09 16:27:57	175
	34	2014-01-09 16:27:57	166
	34	2014-01-09 16:27:57	222
	34	2014-01-09 16:32:01	121
	34	2014-01-09 16:32:37	70
	34	2014-01-09 16:34:41	133
	34	2014-01-09 16:34:41	178
	34	2014-01-09 16:35:56	119
	34	2014-01-09 16:35:56	137
	34	2014-01-09 16:36:47	138
	34	2014-01-09 16:36:47	102
	34	2014-01-09 16:37:12	51
	34	2014-01-09 16:37:12	48
	34	2014-01-09 16:40:23	137
1021V	e485e55b8a874fb7	2014-01-09 17:32:20	435
1021V	e485e55b8a874fb7	2014-01-09 17:32:57	581
1021V	e485e55b8a874fb7	2014-01-09 17:33:26	674
1021V	e485e55b8a874fb7	2014-01-09 17:34:00	767
4474A	e485e55b8a874fb7	2014-01-09 17:48:35	3076
1072	e485e55b8a874fb7	2014-01-09 17:49:53	1105
1071V	e485e55b8a874fb7	2014-01-09 18:09:31	4091
1009	8a916e41f14e7347	2014-01-09 18:17:38	1054
1009	8a916e41f14e7347	2014-01-09 18:17:46	440
1058	ebb99441c4aa2ea5	2014-01-09 20:25:36	2189
4741K	a4ddad0baf3b86ae	2014-01-09 20:21:36	330
4741K	a4ddad0baf3b86ae	2014-01-09 20:26:21	2753
4741K	a4ddad0baf3b86ae	2014-01-09 20:26:21	477
1071	a4ddad0baf3b86ae	2014-01-09 20:26:45	489
1071	a4ddad0baf3b86ae	2014-01-09 20:26:45	252
1071	a4ddad0baf3b86ae	2014-01-09 20:27:16	292
4741K	a4ddad0baf3b86ae	2014-01-09 20:27:36	1766
4741K	a4ddad0baf3b86ae	2014-01-09 20:27:36	1949
4741K	a4ddad0baf3b86ae	2014-01-09 20:28:01	1961
4741K	a4ddad0baf3b86ae	2014-01-09 20:28:01	470
4741K	a4ddad0baf3b86ae	2014-01-09 20:28:01	1749
1071	a4ddad0baf3b86ae	2014-01-09 20:28:21	959
1071	a4ddad0baf3b86ae	2014-01-09 20:28:21	1674
9633	a4ddad0baf3b86ae	2014-01-09 20:28:57	1460
9633	a4ddad0baf3b86ae	2014-01-09 20:28:57	1614
4741K	a4ddad0baf3b86ae	2014-01-09 20:29:22	1604
1071	a4ddad0baf3b86ae	2014-01-09 20:29:47	199
1071	a4ddad0baf3b86ae	2014-01-09 20:29:47	231
4741K	a4ddad0baf3b86ae	2014-01-09 20:30:02	343
4741K	a4ddad0baf3b86ae	2014-01-09 20:30:02	330
4741K	a4ddad0baf3b86ae	2014-01-09 20:30:02	584
1009	8a916e41f14e7347	2014-01-09 18:17:46	293
1009	8a916e41f14e7347	2014-01-09 18:17:46	1652
1009	8a916e41f14e7347	2014-01-09 18:17:46	203
1009	8a916e41f14e7347	2014-01-09 18:17:46	164
1009	8a916e41f14e7347	2014-01-09 18:17:46	142
3001Z	8a916e41f14e7347	2014-01-09 23:06:15	113
3001Z	8a916e41f14e7347	2014-01-09 23:06:15	49
3001Z	8a916e41f14e7347	2014-01-09 23:06:15	112
3001Z	8a916e41f14e7347	2014-01-09 23:06:15	40
3001Z	8a916e41f14e7347	2014-01-09 23:06:15	7
3001N	8a916e41f14e7347	2014-01-09 23:15:45	217
3002M	8a916e41f14e7347	2014-01-09 23:39:20	125
3002M	8a916e41f14e7347	2014-01-09 23:43:53	168
3002M	8a916e41f14e7347	2014-01-09 23:43:53	30
3002M	8a916e41f14e7347	2014-01-09 23:54:13	99
3002M	8a916e41f14e7347	2014-01-09 23:54:13	5
3002M	8a916e41f14e7347	2014-01-09 23:54:13	5
1066A	7c5d8e0b5d992eac	2014-01-10 07:44:24	3044
1009	7c5d8e0b5d992eac	2014-01-10 07:46:49	165
1066A	7c5d8e0b5d992eac	2014-01-10 07:46:49	149
1066A	7c5d8e0b5d992eac	2014-01-10 07:47:14	190
1066A	7c5d8e0b5d992eac	2014-01-10 07:47:14	115
1006	7c5d8e0b5d992eac	2014-01-10 07:47:39	152
1065A	7c5d8e0b5d992eac	2014-01-10 07:50:47	227
1010	8550102e445ac626	2014-01-10 08:10:27	377
1021V	8550102e445ac626	2014-01-10 08:35:17	982
3002M	8a916e41f14e7347	2014-01-09 23:54:13	4
3002M	8a916e41f14e7347	2014-01-09 23:54:13	5
3002M	8a916e41f14e7347	2014-01-09 23:54:13	5
3002M	8a916e41f14e7347	2014-01-09 23:54:13	4
3002M	8a916e41f14e7347	2014-01-10 08:44:01	565
1021V	8550102e445ac626	2014-01-10 08:51:21	698
3002M	8a916e41f14e7347	2014-01-10 08:44:01	13
3002M	8a916e41f14e7347	2014-01-10 08:59:33	1149
1059	ebb99441c4aa2ea5	2014-01-10 09:01:29	745
1059	ebb99441c4aa2ea5	2014-01-10 09:01:29	48
1058	ebb99441c4aa2ea5	2014-01-10 09:01:53	138
3002M	8a916e41f14e7347	2014-01-10 08:59:37	37
1021V	8550102e445ac626	2014-01-10 08:51:24	404
	ebb99441c4aa2ea5	2014-01-10 09:18:08	214
3002M	8a916e41f14e7347	2014-01-10 08:59:37	71
3002M	8a916e41f14e7347	2014-01-10 08:59:37	49
	34	2014-01-10 11:16:27	119
	34	2014-01-10 11:16:27	42
	34	2014-01-10 11:16:29	44
	34	2014-01-10 11:16:34	105
1070T	a1d64461e4742ad7	2014-01-10 15:05:17	1549
1070T	a1d64461e4742ad7	2014-01-10 15:06:27	3762
2205	a1d64461e4742ad7	2014-01-10 15:09:39	5737
	34	2014-01-10 15:10:05	168
	34	2014-01-10 15:10:05	11
	34	2014-01-10 15:19:18	108
	34	2014-01-10 15:41:09	741
	34	2014-01-10 16:37:44	117
1009	7c5d8e0b5d992eac	2014-01-10 16:56:51	704
1009	7c5d8e0b5d992eac	2014-01-10 16:56:51	303
1009	7c5d8e0b5d992eac	2014-01-10 16:56:51	162
1009	7c5d8e0b5d992eac	2014-01-10 16:56:51	161
1009	7c5d8e0b5d992eac	2014-01-10 16:56:51	155
	34	2014-01-10 17:00:12	6
	34	2014-01-10 17:00:12	6
	34	2014-01-10 17:00:12	6
	34	2014-01-10 17:00:12	5
	34	2014-01-10 17:00:12	5
	34	2014-01-10 17:00:12	5
	34	2014-01-10 17:00:12	6
3002M	8a916e41f14e7347	2014-01-10 08:59:37	40
3002M	8a916e41f14e7347	2014-01-10 08:59:37	44
3002M	8a916e41f14e7347	2014-01-10 08:59:37	31
3002M	8a916e41f14e7347	2014-01-10 08:59:37	32
3002	8a916e41f14e7347	2014-01-10 17:48:37	1163
3002	8a916e41f14e7347	2014-01-10 17:48:37	55
3002	8a916e41f14e7347	2014-01-10 17:49:41	164
3002	8a916e41f14e7347	2014-01-10 17:50:00	349
3002	8a916e41f14e7347	2014-01-10 17:52:01	132
3002M	8a916e41f14e7347	2014-01-10 18:04:59	483
	34	2014-01-10 17:38:15	483
3002M	8a916e41f14e7347	2014-01-10 18:05:01	47
3002M	8a916e41f14e7347	2014-01-10 18:05:01	48
3002M	8a916e41f14e7347	2014-01-10 18:05:01	47
3002M	8a916e41f14e7347	2014-01-10 18:05:01	36
3002M	8a916e41f14e7347	2014-01-10 18:05:01	32
1058	1e2ee8e037a763ac	2014-01-11 11:24:43	1386
1300V	1e2ee8e037a763ac	2014-01-11 12:10:40	551
1300V	1e2ee8e037a763ac	2014-01-11 12:11:06	173
1300V	1e2ee8e037a763ac	2014-01-11 12:11:06	163
1300V	1e2ee8e037a763ac	2014-01-11 12:11:11	178
2231	1e2ee8e037a763ac	2014-01-11 12:30:52	634
4453	8a916e41f14e7347	2014-01-11 12:44:30	311
4453	8a916e41f14e7347	2014-01-11 12:49:34	1064
1063	8a916e41f14e7347	2014-01-11 13:01:25	4009
1043	8a916e41f14e7347	2014-01-11 13:17:23	2008
1043	8a916e41f14e7347	2014-01-11 13:17:33	752
1043	8a916e41f14e7347	2014-01-11 13:17:33	776
1043	8a916e41f14e7347	2014-01-11 13:17:33	83
2195	8a916e41f14e7347	2014-01-11 14:49:21	690
3001N	1e2ee8e037a763ac	2014-01-11 14:50:47	266
2248A	8a916e41f14e7347	2014-01-11 14:54:41	830
2248A	8a916e41f14e7347	2014-01-11 14:59:29	3879
3001N	1e2ee8e037a763ac	2014-01-11 14:51:03	157
3001N	1e2ee8e037a763ac	2014-01-11 14:51:03	80
4053	8a916e41f14e7347	2014-01-11 15:25:18	528
2195	1e2ee8e037a763ac	2014-01-11 16:07:55	1536
2195	1e2ee8e037a763ac	2014-01-11 16:07:55	203
2195	1e2ee8e037a763ac	2014-01-11 16:07:55	210
2195	1e2ee8e037a763ac	2014-01-11 16:07:55	444
2195	1e2ee8e037a763ac	2014-01-11 16:07:55	319
2195	1e2ee8e037a763ac	2014-01-11 16:07:55	448
4053	8a916e41f14e7347	2014-01-11 15:25:27	43
3001H	1e2ee8e037a763ac	2014-01-11 16:49:51	795
3001H	1e2ee8e037a763ac	2014-01-11 16:49:51	565
3001H	1e2ee8e037a763ac	2014-01-11 16:49:51	515
3001H	1e2ee8e037a763ac	2014-01-11 16:49:51	474
3001H	1e2ee8e037a763ac	2014-01-11 16:49:51	248
3001H	1e2ee8e037a763ac	2014-01-11 17:12:56	485
3001H	1e2ee8e037a763ac	2014-01-11 17:12:56	72
3001H	1e2ee8e037a763ac	2014-01-11 17:12:56	124
	b2162bd793d494a3	2014-01-11 17:25:06	117
	b2162bd793d494a3	2014-01-11 17:45:52	142
	1e2ee8e037a763ac	2014-01-11 18:10:06	1688
	1e2ee8e037a763ac	2014-01-11 18:10:23	1170
	1e2ee8e037a763ac	2014-01-11 18:10:26	17208
	1e2ee8e037a763ac	2014-01-11 18:10:26	27838
	1e2ee8e037a763ac	2014-01-11 18:27:46	1186
	1e2ee8e037a763ac	2014-01-11 18:30:38	1076
	1e2ee8e037a763ac	2014-01-11 18:30:45	521
	1e2ee8e037a763ac	2014-01-11 18:30:46	507
	1e2ee8e037a763ac	2014-01-11 18:30:46	497
	1e2ee8e037a763ac	2014-01-11 18:39:11	157
	1e2ee8e037a763ac	2014-01-11 18:39:11	276
4053	8a916e41f14e7347	2014-01-11 15:25:27	20
	1e2ee8e037a763ac	2014-01-11 18:39:11	215
3001H	1e2ee8e037a763ac	2014-01-12 10:41:00	725
3002M	8a916e41f14e7347	2014-01-12 12:41:56	634
3002M	8a916e41f14e7347	2014-01-12 12:42:03	170
3002M	8a916e41f14e7347	2014-01-12 12:42:03	184
3002M	8a916e41f14e7347	2014-01-12 12:42:03	154
1039	8a916e41f14e7347	2014-01-12 14:04:09	306
1039	8a916e41f14e7347	2014-01-12 14:04:09	52
1039	8a916e41f14e7347	2014-01-12 14:04:25	110
1039	8a916e41f14e7347	2014-01-12 14:04:33	122
4055	8a916e41f14e7347	2014-01-12 14:05:29	349
4055	8a916e41f14e7347	2014-01-12 14:06:49	229
4055	8a916e41f14e7347	2014-01-12 14:08:52	481
3001N	1e2ee8e037a763ac	2014-01-12 12:22:49	613
3001N	1e2ee8e037a763ac	2014-01-12 12:22:49	169
4055	8a916e41f14e7347	2014-01-12 14:11:49	475
3001N	1e2ee8e037a763ac	2014-01-12 12:22:49	110
3001N	1e2ee8e037a763ac	2014-01-12 12:22:49	136
3001N	1e2ee8e037a763ac	2014-01-12 12:22:49	126
3001N	1e2ee8e037a763ac	2014-01-12 12:22:49	126
3001N	1e2ee8e037a763ac	2014-01-12 12:22:49	137
3001N	1e2ee8e037a763ac	2014-01-12 12:22:49	133
3001N	1e2ee8e037a763ac	2014-01-12 12:22:49	123
3001N	1e2ee8e037a763ac	2014-01-12 12:22:49	164
3001N	1e2ee8e037a763ac	2014-01-12 12:22:49	861
3001N	1e2ee8e037a763ac	2014-01-12 12:22:49	130
4055	8a916e41f14e7347	2014-01-12 14:11:52	1215
4055	8a916e41f14e7347	2014-01-12 14:11:52	199
2195	1e2ee8e037a763ac	2014-01-12 14:58:08	692
2195	1e2ee8e037a763ac	2014-01-12 14:58:08	134
3002S	1e2ee8e037a763ac	2014-01-12 16:09:32	273
3002S	1e2ee8e037a763ac	2014-01-12 16:09:32	145
3002S	1e2ee8e037a763ac	2014-01-12 16:09:32	130
3002S	1e2ee8e037a763ac	2014-01-12 16:09:32	1120
3002S	1e2ee8e037a763ac	2014-01-12 16:09:32	119
3002S	1e2ee8e037a763ac	2014-01-12 16:09:32	118
3002S	1e2ee8e037a763ac	2014-01-12 16:09:32	124
3002S	1e2ee8e037a763ac	2014-01-12 16:09:32	8358
3002S	1e2ee8e037a763ac	2014-01-12 16:09:32	144
3002S	1e2ee8e037a763ac	2014-01-12 16:09:32	121
	7c5d8e0b5d992eac	2014-01-12 17:56:12	201
	7c5d8e0b5d992eac	2014-01-12 17:56:12	47
	7c5d8e0b5d992eac	2014-01-12 17:56:12	33
	7c5d8e0b5d992eac	2014-01-12 17:56:12	27
1002	7c5d8e0b5d992eac	2014-01-12 18:09:50	1006
4055	8a916e41f14e7347	2014-01-12 14:11:52	308
1010	8550102e445ac626	2014-01-13 08:44:07	2347
	ebb99441c4aa2ea5	2014-01-13 09:46:01	564
	ebb99441c4aa2ea5	2014-01-13 09:46:09	91
	ebb99441c4aa2ea5	2014-01-13 09:46:09	266
	ebb99441c4aa2ea5	2014-01-13 09:46:09	279
	ebb99441c4aa2ea5	2014-01-13 09:46:09	252
1059	ebb99441c4aa2ea5	2014-01-13 10:08:38	463
1059	ebb99441c4aa2ea5	2014-01-13 10:08:38	55
1059	ebb99441c4aa2ea5	2014-01-13 10:08:38	104
1059	ebb99441c4aa2ea5	2014-01-13 10:09:04	311
1059	ebb99441c4aa2ea5	2014-01-13 10:12:16	819
1059	ebb99441c4aa2ea5	2014-01-13 10:12:16	172
1059	ebb99441c4aa2ea5	2014-01-13 10:12:16	187
1059	ebb99441c4aa2ea5	2014-01-13 10:12:16	245
1059	ebb99441c4aa2ea5	2014-01-13 10:12:16	178
1059	ebb99441c4aa2ea5	2014-01-13 10:24:56	131
	ebb99441c4aa2ea5	2014-01-13 10:39:05	256
3001R	41	2014-01-13 15:56:12	255
3001R	41	2014-01-13 15:56:37	186
3001R	41	2014-01-13 15:57:04	207
3001R	41	2014-01-13 15:57:39	340
3001R	41	2014-01-13 15:57:39	215
3001R	41	2014-01-13 15:58:23	362
3001R	41	2014-01-13 15:58:45	340
3001R	41	2014-01-13 15:58:45	458
3001R	41	2014-01-13 15:59:48	537
3001R	41	2014-01-13 16:00:46	644
3001R	41	2014-01-13 16:01:41	737
3001R	41	2014-01-13 16:02:09	976
3001R	41	2014-01-13 16:02:21	1095
3001R	41	2014-01-13 16:02:21	501
3001R	41	2014-01-13 16:02:45	591
3001R	41	2014-01-13 16:03:18	1248
	41	2014-01-13 17:06:08	377
	41	2014-01-13 17:06:08	302
	41	2014-01-13 17:06:08	300
3002M	8a916e41f14e7347	2014-01-13 17:12:30	1557
3002M	8a916e41f14e7347	2014-01-13 17:14:04	771
3002M	8a916e41f14e7347	2014-01-13 17:14:04	715
3002M	8a916e41f14e7347	2014-01-13 17:24:23	422
	41	2014-01-13 17:06:08	341
	41	2014-01-13 17:06:08	309
3002M	8a916e41f14e7347	2014-01-13 17:24:32	25
1010 X	40	2014-01-14 08:28:32	295
	42	2014-01-14 08:40:08	233
1063	40	2014-01-14 08:41:53	1093
	34	2014-01-14 14:57:40	115
	34	2014-01-14 14:58:12	126
	34	2014-01-14 14:58:12	41
	34	2014-01-14 14:58:12	103
	34	2014-01-14 14:58:48	43
	34	2014-01-14 14:58:48	121
	34	2014-01-14 14:58:48	47
	34	2014-01-14 14:58:48	106
	34	2014-01-14 14:59:18	44
	34	2014-01-14 14:59:18	110
	34	2014-01-14 14:59:48	41
	34	2014-01-14 14:59:48	109
	34	2014-01-14 15:00:18	52
	34	2014-01-14 15:00:18	111
	34	2014-01-14 15:00:48	50
	34	2014-01-14 15:01:18	106
	34	2014-01-14 15:01:18	43
	34	2014-01-14 15:01:18	111
	34	2014-01-14 15:01:18	41
	34	2014-01-14 15:01:18	122
	34	2014-01-14 15:01:48	52
	34	2014-01-14 15:01:48	136
	34	2014-01-14 15:02:19	123
	34	2014-01-14 15:02:19	118
	34	2014-01-14 15:02:49	49
	34	2014-01-14 15:09:26	143
	34	2014-01-14 15:21:59	147
	34	2014-01-14 15:21:59	182
	34	2014-01-14 16:12:42	116
	34	2014-01-14 16:12:42	45
1009	666f617875e262e8	2014-01-14 16:12:51	410
	34	2014-01-14 16:12:42	50
4611		2014-01-14 18:00:14	6716
	34	2014-01-14 18:03:37	120
1066A	40	2014-01-14 09:17:20	417
1066A	40	2014-01-14 09:17:20	223
1021V	40	2014-01-14 18:09:31	1015
3002M	43	2014-01-14 18:28:20	189
3002M	43	2014-01-14 18:28:20	40
3002M	43	2014-01-14 18:29:20	741
9738		2014-01-14 18:41:48	626
	43	2014-01-14 19:13:02	459
	43	2014-01-14 19:13:02	283
	43	2014-01-14 19:13:02	135
1010	40	2014-01-14 18:38:40	1746
1010	40	2014-01-14 18:38:40	638
1010	40	2014-01-15 08:30:29	587
	43	2014-01-14 19:13:02	198
	43	2014-01-14 19:13:02	233
	43	2014-01-14 19:13:02	168
3002M	43	2014-01-15 08:42:18	170
3002M	43	2014-01-15 08:42:18	8
3002M	43	2014-01-15 08:44:11	503
3002M	43	2014-01-15 08:50:00	1166
3002M	43	2014-01-15 08:50:00	242
3002M	43	2014-01-15 08:50:36	296
3002M	43	2014-01-15 08:50:45	213
3002M	43	2014-01-15 08:50:45	462
1004	40	2014-01-15 08:52:06	2436
1054	43	2014-01-15 08:59:55	1436
1054	43	2014-01-15 09:00:00	1783
1054	43	2014-01-15 09:00:00	1650
1054	43	2014-01-15 09:00:00	137
1054	43	2014-01-15 09:00:00	159
1054	43	2014-01-15 09:00:00	177
1066A	40	2014-01-15 09:06:09	2686
1066A	40	2014-01-15 09:06:09	498
2231		2014-01-15 17:52:34	3567
1068		2014-01-15 17:53:46	3330
1070T		2014-01-15 18:12:40	2397
1070T		2014-01-15 18:12:40	399
1054	43	2014-01-15 09:00:00	212
1054	43	2014-01-15 09:00:00	255
1054	43	2014-01-15 09:00:00	183
1054	43	2014-01-15 09:00:00	176
2550	43	2014-01-15 18:25:43	2133
2550	43	2014-01-15 18:26:22	2193
2550	43	2014-01-15 18:28:21	3203
3001R	43	2014-01-15 18:28:41	184
3001R	43	2014-01-15 18:28:41	298
3001R	43	2014-01-15 18:28:41	1770
3001R	43	2014-01-15 18:28:41	372
3001R	43	2014-01-15 18:28:41	277
3001R	43	2014-01-15 18:28:41	334
1074N	43	2014-01-15 23:05:33	1799
3001N	43	2014-01-15 23:14:29	2059
3001N	43	2014-01-15 23:15:52	5761
3001N	43	2014-01-15 23:15:52	274
3001N	43	2014-01-15 23:15:52	181
3001N	43	2014-01-15 23:15:52	148
3001N	43	2014-01-15 23:15:52	441
3001N	43	2014-01-15 23:15:52	303
3002M	43	2014-01-15 23:39:00	8676
3002M	43	2014-01-15 23:39:24	3462
3002M	43	2014-01-15 23:40:14	1307
	43	2014-01-16 00:04:21	4728
	43	2014-01-16 00:04:21	91
9738	42	2014-01-16 07:27:47	187
1066A	40	2014-01-15 09:06:09	763
1065A	40	2014-01-15 17:58:37	5067
1010	40	2014-01-16 08:06:17	752
	43	2014-01-16 00:04:21	202
1004	40	2014-01-16 08:26:53	2943
1021V	42	2014-01-16 08:48:20	5215
1021V		2014-01-16 17:33:56	1417
	43	2014-01-16 18:16:16	3363
	43	2014-01-16 18:16:16	1524
3001N	43	2014-01-16 18:18:28	1946
1074	43	2014-01-16 21:55:06	1015
1074	43	2014-01-16 21:55:06	2642
1074	43	2014-01-16 21:57:44	1663
3001N	43	2014-01-16 22:03:43	2999
3001N	43	2014-01-16 22:04:19	2612
2550	43	2014-01-16 22:05:47	4574
2550	43	2014-01-16 22:05:47	241
2550	43	2014-01-16 22:06:03	209
1064	43	2014-01-16 22:06:15	378
1064	43	2014-01-16 22:06:15	149
1064	43	2014-01-16 22:06:15	161
1064	43	2014-01-16 22:06:15	178
1064	43	2014-01-16 22:06:15	173
3002M	43	2014-01-16 22:19:09	2311
3002M	43	2014-01-16 22:34:16	6838
3002M	43	2014-01-16 22:34:29	193
3002M	43	2014-01-16 22:34:29	157
3002M	43	2014-01-16 22:34:29	201
3002M	43	2014-01-16 22:34:29	233
3002M	43	2014-01-16 22:34:29	193
	43	2014-01-17 08:14:17	311
	43	2014-01-17 08:14:17	59
	43	2014-01-17 08:14:37	117
	43	2014-01-17 08:15:03	123
	43	2014-01-17 08:15:23	156
3002M	43	2014-01-17 08:17:56	1139
1004	40	2014-01-16 08:26:53	711
1065A	40	2014-01-16 08:48:01	582
3002M	43	2014-01-17 08:28:41	1788
3002	43	2014-01-17 08:31:06	341
3002	43	2014-01-17 08:31:11	196
3002	43	2014-01-17 08:31:11	194
1010	40	2014-01-17 08:34:56	1184
3002	43	2014-01-17 08:31:11	191
3002	43	2014-01-17 08:31:11	158
3002	43	2014-01-17 08:31:11	168
3002	43	2014-01-17 08:31:11	103
1017	40	2014-01-17 08:53:30	1902
2150	666f617875e262e8	2014-01-17 08:58:23	2390
3002	43	2014-01-17 08:31:11	117
1039	45	2014-01-17 15:33:07	566
1039	45	2014-01-17 15:33:07	117
3001K	46	2014-01-17 16:16:28	219
9008L	46	2014-01-17 16:16:29	47
9008L	46	2014-01-17 16:16:29	46
9008L	46	2014-01-17 16:16:32	323
9008L	46	2014-01-17 16:16:57	687
9738K	46	2014-01-17 16:17:22	1142
9738K	46	2014-01-17 16:17:47	1564
9738K	46	2014-01-17 16:18:11	220
3001R	46	2014-01-17 16:18:36	2322
3001R	46	2014-01-17 16:19:02	293
3001R	46	2014-01-17 16:19:26	325
9973	46	2014-01-17 16:19:52	270
9973	46	2014-01-17 16:20:41	338
9973	46	2014-01-17 16:20:41	689
9973	46	2014-01-17 16:21:07	471
9973	46	2014-01-17 16:21:31	462
9973	46	2014-01-17 16:21:57	564
9973	46	2014-01-17 16:22:21	433
9973	46	2014-01-17 16:22:47	387
9973	46	2014-01-17 16:23:12	403
9973	46	2014-01-17 16:23:36	395
9973	46	2014-01-17 16:24:02	381
9973	46	2014-01-17 16:24:49	348
9973	46	2014-01-17 16:24:49	342
9973	46	2014-01-17 16:24:49	361
9973	46	2014-01-17 16:25:15	311
9973	46	2014-01-17 16:25:41	285
9973	46	2014-01-17 16:25:46	293
3002	43	2014-01-17 08:31:11	1984
3002	43	2014-01-17 08:31:11	154
3002	43	2014-01-17 08:31:11	255
3002	43	2014-01-17 08:31:11	164
3002	43	2014-01-17 08:31:11	196
3002	43	2014-01-17 08:31:11	154
2506	43	2014-01-17 17:26:09	637
2506	43	2014-01-17 17:26:09	203
1007B	43	2014-01-17 17:28:30	1694
1059	43	2014-01-17 17:32:48	2849
2110T		2014-01-17 17:34:02	2418
1059	43	2014-01-17 17:37:14	1729
2315	43	2014-01-17 17:40:48	777
2315	43	2014-01-17 17:40:48	3583
2315	43	2014-01-17 17:40:53	3228
2110T		2014-01-17 17:34:02	467
2158		2014-01-17 17:41:50	2570
2315	43	2014-01-17 17:40:53	1244
1010		2014-01-17 17:59:06	2184
2315	43	2014-01-17 17:40:53	519
2315	43	2014-01-17 17:40:53	415
1042	43	2014-01-17 17:59:02	873
4474A	43	2014-01-17 18:00:09	842
4360K	43	2014-01-17 18:06:42	1824
2270		2014-01-17 18:18:21	1682
4360K	43	2014-01-17 18:06:48	422
4360K	43	2014-01-17 18:06:48	2065
4360K	43	2014-01-17 18:06:48	2085
2194	43	2014-01-17 18:20:48	1779
1010	43	2014-01-17 18:24:11	4914
4474	43	2014-01-17 18:33:57	908
4453	43	2014-01-17 18:40:10	5845
4453	43	2014-01-17 18:43:30	1269
4453	43	2014-01-17 18:43:40	249
4453	43	2014-01-17 18:43:40	246
2270		2014-01-17 18:18:21	1523
2270		2014-01-17 18:18:25	1273
1008	7c5d8e0b5d992eac	2014-01-17 20:34:27	761
1008	7c5d8e0b5d992eac	2014-01-17 20:34:27	124
1008	7c5d8e0b5d992eac	2014-01-17 20:34:27	201
1008	7c5d8e0b5d992eac	2014-01-17 20:34:27	119
4453	43	2014-01-17 18:43:40	169
1065A		2014-01-18 07:48:22	786
1072		2014-01-18 08:00:01	4704
1072		2014-01-18 08:00:06	376
1072		2014-01-18 08:00:06	632
4453	43	2014-01-17 18:43:40	1143
4453	43	2014-01-17 18:43:40	444
4453	43	2014-01-17 18:43:40	398
4053	43	2014-01-18 11:03:56	2210
	43	2014-01-18 11:09:15	575
	43	2014-01-18 11:09:17	361
	43	2014-01-18 11:09:17	248
	43	2014-01-18 13:07:07	139
	43	2014-01-18 13:07:07	53
	43	2014-01-18 13:07:07	88
	43	2014-01-18 13:07:07	50
	43	2014-01-18 13:07:07	45
4053	43	2014-01-18 13:08:50	420
4053	43	2014-01-18 13:13:26	2547
4053	43	2014-01-18 13:15:10	286
4053	43	2014-01-18 13:15:10	411
4053	43	2014-01-18 13:15:10	263
4053	43	2014-01-18 13:15:10	378
4053	43	2014-01-18 13:15:10	356
4053	43	2014-01-18 13:15:10	406
4053	43	2014-01-18 13:15:10	180
4053	43	2014-01-18 13:15:10	353
4053	43	2014-01-18 13:15:10	2500
4053	43	2014-01-18 13:15:10	214
4053	43	2014-01-18 15:09:29	462
4053	43	2014-01-18 15:09:29	39
4053	43	2014-01-18 15:09:29	47
4053	43	2014-01-18 15:19:49	840
4053	43	2014-01-18 15:20:14	2425
4053	43	2014-01-18 15:20:14	272
4053	43	2014-01-18 15:20:19	370
4053	43	2014-01-18 15:20:29	174
4053	43	2014-01-18 15:20:54	357
4053	43	2014-01-18 15:28:21	1062
4043	43	2014-01-18 15:28:39	156
1064		2014-01-18 17:15:43	1704
1064		2014-01-18 17:15:45	93
1064		2014-01-18 17:15:45	91
1064		2014-01-18 17:15:45	92
1064		2014-01-18 17:15:55	121
1064		2014-01-18 17:16:05	152
1064		2014-01-18 17:16:05	355
4043	43	2014-01-18 15:28:39	338
1008		2014-01-18 20:00:28	2910
1008		2014-01-18 20:00:33	311
1008		2014-01-18 20:07:52	2560
1008		2014-01-18 20:07:56	778
1008		2014-01-18 20:07:59	689
4043	43	2014-01-18 15:28:39	424
4043	43	2014-01-18 15:28:39	377
4043	43	2014-01-18 15:28:39	358
4043	43	2014-01-18 15:28:39	168
4043	43	2014-01-18 15:28:39	329
4053	43	2014-01-19 11:51:32	375
4045	43	2014-01-19 11:57:47	897
4045	43	2014-01-19 11:58:19	622
4053	43	2014-01-19 12:10:34	3441
4053	43	2014-01-19 12:12:46	972
4053	43	2014-01-19 12:12:46	456
1008		2014-01-19 20:17:56	714
1008		2014-01-19 20:18:00	367
1008		2014-01-19 20:18:08	1731
1008		2014-01-19 20:25:48	913
1008		2014-01-19 20:25:50	848
1008		2014-01-19 20:25:58	81
4053	43	2014-01-19 12:12:46	230
4053	43	2014-01-19 12:12:46	341
4053	43	2014-01-19 12:12:46	203
4053	43	2014-01-19 21:36:09	580
	49	2014-01-20 07:06:59	355
	49	2014-01-20 07:06:59	39
	49	2014-01-20 07:06:59	43
1065A		2014-01-20 07:32:36	358
1065A		2014-01-20 07:32:36	52
1059	48	2014-01-20 08:55:10	1535
1043	43	2014-01-20 08:57:58	1505
1043	43	2014-01-20 08:59:20	1573
1043	43	2014-01-20 08:59:20	840
1043	43	2014-01-20 08:59:20	1643
1043	43	2014-01-20 08:59:20	126
1043	43	2014-01-20 08:59:20	268
